selection,model,prob,err
oracle,mlp,0.6,0.08115170977866085
worst,mlp,0.32142857142857145,0.07736278174936577
default,mlp,0.5214285714285715,0.08274901812106292
