selection,prob,err
oracle,0.5717171717171717,0.02179613180622368
worst,0.43333333333333335,0.021827216610477807
default,0.49747474747474746,0.0220235812840607
