selection,prob,err
oracle,0.8087248322147651,0.01997066939532
worst,0.5731543624161074,0.025115056638850386
default,0.6523489932885906,0.02418102360915039
