selection,prob,err
oracle,0.6734870317002882,0.015602930366113238
worst,0.49337175792507204,0.016635014153333013
default,0.5639769452449568,0.016499726143504305
